date,main,fast,earn,total,Lc,Sc,hl1,hl2,hl3,hl4,hl5,hl7,hl8,fk1,fk2,fk3,fk4,fk5,fk7,fk8
2025-04-08 11:44,(0 0),(0 0),0.00,0.00,0,0,(2 8),(2 8),(2 8),(0 0),(19 10),(0 0),(6 8),(5 2),(5 2),(12 3),(1 0),(15 6),(0 0),(10 1)
2025-04-08 11:45,(0 0),(0 0),0.00,0.00,0,0,(2 8),(2 8),(2 9),(0 0),(19 10),(0 0),(6 8),(2 3),(2 3),(10 4),(1 0),(11 7),(0 0),(6 2)
2025-04-08 11:46,(0 0),(0 0),0.00,0.00,0,0,(2 7),(2 7),(2 9),(0 0),(14 10),(0 0),(1 13),(2 3),(2 3),(10 4),(1 0),(11 7),(0 0),(6 2)
2025-04-08 11:47,(0 0),(0 0),11.50,11.50,9,5,(2 8),(2 8),(2 9),(0 0),(14 10),(0 0),(1 13),(3 4),(3 4),(11 4),(1 0),(13 6),(0 0),(9 2)
2025-04-08 11:48,(0 0),(0 0),10.50,10.50,9,5,(2 7),(2 7),(2 8),(0 0),(20 10),(0 0),(2 10),(3 4),(3 4),(11 4),(1 0),(13 6),(0 0),(9 2)
2025-04-08 11:49,(0 0),(0 0),17.07,17.07,9,5,(2 7),(2 7),(2 8),(0 0),(20 10),(0 0),(2 10),(2 4),(2 4),(11 4),(1 0),(11 6),(0 0),(7 2)
2025-04-08 11:50,(0 0),(0 0),19.03,19.03,9,5,(2 9),(2 9),(2 10),(0 0),(15 9),(0 0),(2 10),(2 4),(2 4),(11 4),(1 0),(11 6),(0 0),(7 2)
2025-04-08 11:51,(0 0),(0 0),17.66,17.66,9,5,(2 9),(2 9),(2 10),(0 0),(15 9),(0 0),(2 10),(2 3),(2 3),(8 3),(2 0),(10 6),(0 0),(9 2)
2025-04-08 11:52,(0 0),(0 0),23.38,23.38,9,5,(2 9),(2 9),(2 11),(0 0),(13 12),(0 0),(2 11),(2 3),(2 3),(8 3),(2 0),(10 6),(0 0),(9 2)
2025-04-08 11:53,(0 0),(0 0),19.22,19.22,9,5,(2 9),(2 9),(2 11),(0 0),(13 12),(0 0),(2 11),(1 3),(1 3),(8 3),(2 0),(10 6),(0 0),(9 2)
2025-04-08 11:54,(0 0),(0 0),13.36,13.36,9,5,(2 10),(2 10),(2 12),(0 0),(15 12),(0 0),(2 13),(1 3),(1 3),(8 3),(2 0),(10 6),(0 0),(9 2)
2025-04-08 11:55,(0 0),(0 0),15.63,15.63,9,5,(2 10),(2 10),(2 12),(0 0),(15 12),(0 0),(2 13),(1 4),(1 4),(8 4),(2 0),(12 7),(0 0),(8 2)
2025-04-08 11:56,(0 0),(0 0),9.60,9.60,9,5,(2 8),(2 8),(2 14),(0 0),(13 18),(0 0),(3 15),(1 4),(1 4),(8 4),(2 0),(12 7),(0 0),(8 2)
2025-04-08 11:57,(0 0),(0 0),15.91,15.91,9,5,(2 8),(2 8),(2 14),(0 0),(13 18),(0 0),(3 15),(1 3),(1 3),(8 4),(1 0),(10 7),(0 0),(8 2)
2025-04-08 11:58,(0 0),(0 0),21.50,21.50,9,5,(1 8),(1 8),(1 14),(0 0),(13 17),(0 0),(4 16),(1 3),(1 3),(8 4),(1 0),(10 7),(0 0),(8 2)
2025-04-08 11:59,(0 0),(0 0),23.82,23.82,9,5,(1 8),(1 8),(1 14),(0 0),(13 17),(0 0),(4 16),(3 4),(3 4),(11 4),(2 0),(12 7),(0 0),(6 2)
2025-04-08 12:00,(0 0),(0 0),25.89,25.89,9,5,(1 6),(1 6),(1 11),(0 0),(14 18),(0 0),(2 11),(3 4),(3 4),(11 4),(2 0),(12 7),(0 0),(6 2)
2025-04-08 12:01,(0 0),(0 0),25.18,25.18,9,5,(1 6),(1 6),(1 11),(0 0),(14 18),(0 0),(2 11),(5 4),(5 4),(12 4),(2 0),(14 3),(0 0),(8 2)
2025-04-08 12:02,(0 0),(0 0),22.37,22.37,9,5,(1 4),(1 4),(1 11),(0 0),(20 21),(0 0),(3 5),(5 4),(5 4),(12 4),(2 0),(14 3),(0 0),(8 2)
2025-04-08 12:03,(0 0),(0 0),37.57,37.57,9,5,(1 4),(1 4),(1 11),(0 0),(20 21),(0 0),(3 5),(6 3),(6 3),(11 3),(2 0),(13 5),(0 0),(6 2)
2025-04-08 12:04,(0 0),(0 0),29.89,29.89,9,5,(1 7),(1 7),(1 13),(0 0),(16 23),(0 0),(5 9),(6 3),(6 3),(11 3),(2 0),(13 5),(0 0),(6 2)
2025-04-08 12:05,(0 0),(0 0),37.05,37.05,9,5,(1 7),(1 7),(1 13),(0 0),(16 23),(0 0),(5 9),(6 2),(6 2),(10 2),(2 0),(13 3),(0 0),(6 2)
2025-04-08 12:06,(0 0),(0 0),40.65,40.65,9,5,(2 9),(2 9),(3 13),(0 1),(14 25),(0 0),(8 12),(6 2),(6 2),(10 2),(2 0),(13 3),(0 0),(6 2)
2025-04-08 12:07,(0 0),(0 0),36.74,36.74,9,5,(2 9),(2 9),(3 13),(0 1),(14 25),(0 0),(8 12),(6 4),(6 4),(13 4),(2 0),(16 4),(0 0),(5 2)
2025-04-08 12:08,(0 0),(0 0),38.80,38.80,9,5,(2 6),(2 6),(4 10),(0 1),(19 21),(0 0),(8 5),(6 4),(6 4),(13 4),(2 0),(16 4),(0 0),(5 2)
2025-04-08 12:09,(0 0),(0 0),34.97,34.97,9,5,(2 6),(2 6),(4 10),(0 1),(19 21),(0 0),(8 5),(6 4),(6 4),(11 4),(1 0),(15 4),(0 0),(5 2)
2025-04-08 12:10,(0 0),(0 0),34.41,34.41,9,5,(2 4),(2 4),(3 10),(0 1),(23 21),(0 0),(7 7),(6 4),(6 4),(11 4),(1 0),(15 4),(0 0),(5 2)
2025-04-08 12:11,(0 0),(0 0),43.20,43.20,9,5,(2 4),(2 4),(3 10),(0 1),(23 21),(0 0),(7 7),(6 4),(6 4),(14 4),(2 0),(15 3),(0 0),(6 2)
2025-04-08 12:12,(0 0),(0 0),35.18,35.18,9,5,(3 2),(3 2),(5 8),(0 0),(30 15),(0 0),(7 4),(6 4),(6 4),(14 4),(2 0),(15 3),(0 0),(6 2)
2025-04-08 12:13,(0 0),(0 0),31.75,31.75,9,5,(3 2),(3 2),(5 8),(0 0),(30 15),(0 0),(7 4),(7 4),(7 4),(14 4),(2 0),(25 4),(0 0),(5 2)
2025-04-08 12:14,(0 0),(0 0),37.51,37.51,9,5,(2 3),(2 3),(4 7),(0 0),(38 16),(0 0),(8 5),(7 4),(7 4),(14 4),(2 0),(25 4),(0 0),(5 2)
2025-04-08 12:15,(0 0),(0 0),45.55,45.55,9,5,(2 3),(2 3),(4 7),(0 0),(38 16),(0 0),(8 5),(7 4),(7 4),(14 4),(2 0),(25 4),(0 0),(5 2)
2025-04-08 12:16,(0 0),(0 0),43.21,43.21,9,5,(0 7),(0 7),(1 11),(0 0),(22 27),(0 0),(11 6),(7 2),(7 2),(16 3),(1 0),(17 5),(0 0),(10 4)
2025-04-08 12:17,(0 0),(0 0),45.08,45.08,9,5,(0 7),(0 7),(1 11),(0 0),(22 27),(0 0),(11 6),(7 2),(7 2),(16 3),(1 0),(17 5),(0 0),(10 4)
2025-04-08 12:18,(0 0),(0 0),62.80,62.80,9,5,(2 11),(2 11),(2 15),(0 0),(18 29),(0 0),(10 8),(7 2),(7 2),(12 3),(0 0),(16 5),(0 0),(6 4)
2025-04-08 12:19,(0 0),(0 0),89.75,89.75,9,5,(2 11),(2 11),(2 15),(0 0),(18 29),(0 0),(10 8),(7 2),(7 2),(12 3),(0 0),(16 5),(0 0),(6 4)
2025-04-08 12:20,(0 0),(0 0),72.43,72.43,9,5,(2 5),(2 5),(4 10),(0 0),(31 25),(0 1),(13 9),(8 1),(8 1),(17 2),(1 0),(29 5),(0 1),(9 4)
2025-04-08 12:21,(0 0),(0 0),63.00,63.00,9,5,(2 5),(2 5),(4 10),(0 0),(31 25),(0 1),(13 9),(8 1),(8 1),(17 2),(1 0),(29 5),(0 1),(9 4)
2025-04-08 12:22,(0 0),(0 0),54.60,54.60,9,5,(5 8),(5 8),(7 9),(0 0),(39 16),(0 1),(14 6),(9 2),(9 2),(19 3),(1 0),(33 5),(0 1),(9 3)
2025-04-08 12:23,(0 0),(0 0),43.20,43.20,9,5,(5 8),(5 8),(7 9),(0 0),(39 16),(0 1),(14 6),(9 2),(9 2),(19 3),(1 0),(33 5),(0 1),(9 3)
2025-04-08 12:24,(0 0),(0 0),45.78,45.78,9,5,(5 6),(5 6),(5 9),(0 0),(36 14),(0 1),(15 6),(12 3),(12 3),(18 4),(1 0),(34 5),(0 1),(8 4)
2025-04-08 12:25,(0 0),(0 0),49.27,49.27,9,5,(5 6),(5 6),(5 9),(0 0),(36 14),(0 1),(15 6),(12 3),(12 3),(18 4),(1 0),(34 5),(0 1),(8 4)
2025-04-08 12:26,(0 0),(0 0),61.96,61.96,9,5,(5 6),(5 6),(6 11),(0 0),(36 23),(0 1),(15 12),(10 1),(10 1),(17 1),(2 0),(34 5),(0 1),(9 4)
2025-04-08 12:27,(0 0),(0 0),54.09,54.09,9,5,(5 6),(5 6),(6 11),(0 0),(36 23),(0 1),(15 12),(10 1),(10 1),(17 1),(2 0),(35 5),(0 1),(9 4)
2025-04-08 12:28,(0 0),(0 0),53.26,53.26,9,5,(5 6),(5 6),(6 11),(0 0),(42 20),(0 1),(13 7),(10 1),(10 1),(18 2),(1 0),(37 5),(0 1),(7 3)
2025-04-08 12:29,(0 0),(0 0),40.34,40.34,9,5,(5 6),(5 6),(6 11),(0 0),(42 20),(0 1),(13 7),(10 1),(10 1),(18 2),(1 0),(37 5),(0 1),(7 3)
2025-04-08 12:30,(0 0),(0 0),27.30,27.30,9,5,(4 5),(4 5),(5 9),(0 0),(56 20),(0 1),(16 8),(10 2),(10 2),(19 2),(2 0),(56 4),(0 1),(7 5)
2025-04-08 12:31,(0 0),(0 0),38.39,38.39,9,5,(4 5),(4 5),(5 9),(0 0),(56 20),(0 1),(16 8),(10 2),(10 2),(19 2),(2 0),(56 4),(0 1),(7 5)
2025-04-08 12:32,(0 0),(0 0),31.87,31.87,9,5,(4 9),(4 9),(5 13),(0 0),(32 29),(0 0),(8 9),(11 1),(11 1),(18 4),(2 0),(27 7),(0 0),(41 5)
2025-04-08 12:33,(0 0),(0 0),31.50,31.50,9,5,(4 9),(4 9),(5 13),(0 0),(32 29),(0 0),(8 9),(11 1),(11 1),(18 4),(2 0),(27 7),(0 0),(41 5)
2025-04-08 12:34,(0 0),(0 0),32.44,32.44,9,5,(5 7),(5 7),(5 10),(0 0),(35 31),(0 0),(10 9),(9 0),(9 0),(15 2),(2 0),(26 9),(0 0),(29 4)
2025-04-08 12:35,(0 0),(0 0),42.60,42.60,9,5,(5 7),(5 7),(5 10),(0 0),(35 31),(0 0),(10 9),(9 0),(9 0),(15 2),(2 0),(26 9),(0 0),(29 4)
2025-04-08 12:36,(0 0),(0 0),36.56,36.56,9,5,(0 14),(0 14),(0 18),(0 1),(17 47),(0 0),(3 14),(6 1),(6 1),(8 3),(2 0),(19 8),(0 0),(15 3)
2025-04-08 12:37,(0 0),(0 0),39.02,39.02,9,5,(0 14),(0 14),(0 18),(0 1),(17 47),(0 0),(3 14),(6 1),(6 1),(8 3),(2 0),(19 8),(0 0),(15 3)
2025-04-08 12:38,(0 0),(0 0),43.26,43.26,9,5,(5 7),(5 7),(6 8),(0 1),(42 34),(0 0),(6 10),(8 1),(8 1),(21 3),(2 0),(39 9),(0 0),(55 5)
2025-04-08 12:39,(0 0),(0 0),44.35,44.35,9,5,(5 7),(5 7),(6 8),(0 1),(42 34),(0 0),(6 10),(8 1),(8 1),(21 3),(2 0),(39 9),(0 0),(55 5)
2025-04-08 12:40,(0 0),(0 0),31.81,31.81,9,5,(6 2),(6 2),(6 8),(0 1),(46 32),(0 0),(15 17),(8 1),(8 1),(23 2),(2 0),(41 9),(0 1),(46 4)
2025-04-08 12:41,(0 0),(0 0),32.70,32.70,9,5,(6 2),(6 2),(6 8),(0 1),(46 32),(0 0),(15 17),(8 1),(8 1),(23 2),(2 0),(41 9),(0 1),(46 4)
2025-04-08 12:42,(0 0),(0 0),35.37,35.37,9,5,(5 5),(5 5),(5 9),(0 1),(37 37),(0 0),(10 16),(7 3),(7 3),(20 3),(2 0),(39 8),(0 0),(45 4)
2025-04-08 12:43,(0 0),(0 0),40.35,40.35,9,5,(5 5),(5 5),(5 9),(0 1),(37 37),(0 0),(10 16),(7 3),(7 3),(20 3),(2 0),(39 8),(0 0),(45 4)
2025-04-08 12:44,(0 0),(0 0),29.27,29.27,9,5,(6 6),(6 6),(6 11),(0 1),(43 35),(0 0),(10 13),(8 2),(8 2),(26 3),(2 0),(43 9),(0 1),(53 4)
2025-04-08 12:45,(0 0),(0 0),24.68,24.68,9,5,(6 6),(6 6),(6 11),(0 1),(43 35),(0 0),(10 13),(8 2),(8 2),(26 3),(2 0),(43 9),(0 1),(53 4)
2025-04-08 12:47,(0 0),(0 0),25.72,25.72,9,5,(1 13),(1 13),(2 18),(0 1),(18 63),(0 0),(3 20),(0 4),(0 4),(3 4),(1 0),(13 8),(0 0),(23 4)
2025-04-08 12:47,(0 0),(0 0),26.01,26.01,9,5,(1 13),(1 13),(2 18),(0 1),(18 63),(0 0),(3 20),(0 4),(0 4),(3 4),(1 0),(13 8),(0 0),(23 4)
2025-04-08 12:48,(0 0),(0 0),27.51,27.51,9,5,(2 11),(2 11),(4 16),(0 1),(32 48),(0 0),(10 20),(1 6),(1 6),(11 6),(2 0),(19 8),(0 0),(31 5)
2025-04-08 12:49,(0 0),(0 0),37.21,37.21,9,5,(2 11),(2 11),(4 16),(0 1),(32 48),(0 0),(10 20),(1 6),(1 6),(11 6),(2 0),(19 8),(0 0),(31 5)
2025-04-08 12:50,(0 0),(0 0),34.83,34.83,9,5,(2 3),(2 3),(4 8),(0 1),(41 48),(0 0),(17 14),(7 4),(7 4),(18 4),(2 1),(39 8),(0 0),(60 3)
2025-04-08 12:51,(0 0),(0 0),23.11,23.11,9,5,(2 3),(2 3),(4 8),(0 1),(41 48),(0 0),(17 14),(7 4),(7 4),(18 4),(2 1),(39 8),(0 0),(60 3)
2025-04-08 12:52,(0 0),(0 0),30.98,30.98,9,5,(2 3),(2 3),(3 7),(0 1),(38 49),(0 0),(14 13),(3 4),(3 4),(18 4),(1 1),(32 8),(0 0),(56 4)
2025-04-08 12:53,(0 0),(0 0),32.22,32.22,9,5,(2 3),(2 3),(3 7),(0 1),(38 49),(0 0),(14 13),(3 4),(3 4),(18 4),(1 1),(32 8),(0 0),(56 4)
2025-04-08 12:54,(0 0),(0 0),27.63,27.63,9,5,(2 5),(2 5),(2 8),(0 1),(36 50),(0 0),(14 13),(4 3),(4 3),(16 3),(1 0),(32 7),(0 0),(55 3)
2025-04-08 12:56,(0 0),(0 0),20.18,20.18,9,5,(2 1),(2 1),(4 6),(0 0),(39 50),(0 0),(17 12),(5 3),(5 3),(17 3),(1 0),(36 8),(0 0),(57 3)
2025-04-08 12:56,(0 0),(0 0),16.87,16.87,9,5,(2 1),(2 1),(4 6),(0 0),(39 50),(0 0),(17 12),(5 3),(5 3),(17 3),(1 0),(36 8),(0 0),(57 3)
2025-04-08 12:57,(0 0),(0 0),19.64,19.64,9,5,(2 1),(2 1),(4 6),(0 0),(39 50),(0 0),(17 12),(5 3),(5 3),(17 3),(1 0),(36 8),(0 0),(57 3)
2025-04-08 12:58,(0 0),(0 0),9.94,9.94,9,5,(4 3),(4 3),(6 7),(0 0),(50 44),(0 0),(20 10),(9 4),(9 4),(20 4),(1 0),(47 8),(0 0),(54 3)
2025-04-08 13:00,(0 0),(0 0),6.58,6.58,9,5,(3 1),(3 1),(3 5),(0 0),(44 49),(0 0),(27 18),(8 3),(8 3),(23 8),(1 1),(27 9),(0 0),(57 4)
2025-04-08 13:00,(0 0),(0 0),9.50,9.50,9,5,(3 1),(3 1),(3 5),(0 0),(44 49),(0 0),(27 18),(8 3),(8 3),(23 8),(1 1),(27 9),(0 0),(57 4)
2025-04-08 13:02,(0 0),(0 0),44.71,44.71,8,5,(3 3),(3 3),(3 9),(0 0),(38 55),(0 0),(20 15),(7 3),(7 3),(21 7),(1 1),(35 9),(0 0),(53 4)
2025-04-08 13:02,(0 0),(0 0),48.03,48.03,8,5,(3 3),(3 3),(3 9),(0 0),(38 55),(0 0),(20 15),(7 3),(7 3),(21 7),(1 1),(35 9),(0 0),(53 4)
2025-04-08 13:03,(0 0),(0 0),54.04,18.19,9,5,(3 3),(3 3),(3 9),(0 0),(38 55),(0 0),(20 15),(7 3),(7 3),(21 7),(1 1),(35 9),(0 0),(53 4)
2025-04-08 13:05,(0 0),(0 0),49.34,13.49,9,5,(2 8),(2 8),(2 13),(0 0),(22 66),(0 0),(5 19),(3 5),(3 5),(7 9),(1 1),(16 9),(0 0),(21 4)
2025-04-08 13:06,(0 0),(0 0),42.40,6.54,9,5,(1 15),(1 15),(2 20),(0 0),(16 69),(0 0),(3 32),(1 6),(1 6),(5 8),(1 1),(14 9),(0 0),(15 3)
2025-04-08 13:06,(0 0),(0 0),42.77,6.91,9,5,(1 15),(1 15),(2 20),(0 0),(16 69),(0 0),(3 32),(1 6),(1 6),(5 8),(1 1),(14 9),(0 0),(15 3)
2025-04-08 13:07,(0 0),(0 0),44.07,8.22,9,5,(1 15),(1 15),(2 20),(0 0),(16 69),(0 0),(3 32),(1 6),(1 6),(5 8),(1 1),(14 9),(0 0),(15 3)
2025-04-08 13:08,(0 0),(0 0),38.90,3.05,9,5,(1 17),(1 17),(2 22),(0 0),(13 70),(0 0),(1 28),(0 6),(0 6),(5 10),(1 1),(10 9),(0 0),(11 3)
2025-04-08 13:09,(0 0),(0 0),28.34,-7.51,9,5,(1 17),(1 17),(2 22),(0 0),(13 70),(0 0),(1 28),(0 6),(0 6),(5 10),(1 1),(10 9),(0 0),(11 3)
2025-04-08 13:10,(0 0),(0 0),53.97,18.12,9,4,(0 16),(0 16),(0 19),(0 0),(13 80),(0 0),(2 38),(1 7),(1 7),(5 10),(1 1),(10 9),(0 0),(12 3)
2025-04-08 13:11,(0 0),(0 0),50.16,-21.56,9,4,(0 16),(0 16),(0 19),(0 0),(13 80),(0 0),(2 38),(1 7),(1 7),(5 10),(1 1),(10 9),(0 0),(12 3)
2025-04-08 13:12,(0 0),(0 0),48.58,-23.13,10,4,(0 19),(0 19),(1 21),(0 1),(10 80),(0 0),(2 37),(2 9),(2 9),(6 10),(1 1),(10 9),(0 0),(11 4)
2025-04-08 13:13,(0 0),(0 0),53.47,-18.25,10,4,(0 19),(0 19),(1 21),(0 1),(10 80),(0 0),(2 37),(2 9),(2 9),(6 10),(1 1),(10 9),(0 0),(11 4)
2025-04-08 13:14,(0 0),(0 0),41.40,-30.32,10,4,(0 21),(0 21),(1 22),(0 1),(9 81),(0 0),(0 34),(1 9),(1 9),(4 11),(1 1),(11 9),(0 0),(10 4)
2025-04-08 13:15,(0 0),(0 0),52.54,-19.18,10,4,(0 21),(0 21),(1 22),(0 1),(9 81),(0 0),(0 34),(1 9),(1 9),(4 11),(1 1),(11 9),(0 0),(10 4)
2025-04-08 13:16,(0 0),(0 0),40.88,-30.84,10,4,(1 25),(1 25),(1 28),(0 0),(7 80),(0 0),(3 36),(1 10),(1 10),(2 12),(0 2),(6 10),(0 0),(8 8)
2025-04-08 13:17,(0 0),(0 0),37.26,-34.46,10,4,(1 25),(1 25),(1 28),(0 0),(7 80),(0 0),(3 36),(1 10),(1 10),(2 12),(0 2),(6 10),(0 0),(8 8)
2025-04-08 13:18,(0 0),(0 0),22.05,-49.67,10,4,(1 34),(1 34),(1 36),(0 0),(6 79),(0 0),(2 35),(0 10),(0 10),(1 12),(1 2),(4 9),(0 0),(3 8)
2025-04-08 13:19,(0 0),(0 0),30.80,-40.91,10,4,(1 34),(1 34),(1 36),(0 0),(6 79),(0 0),(2 35),(0 10),(0 10),(1 12),(1 2),(4 9),(0 0),(3 8)
2025-04-08 13:20,(0 0),(0 0),33.35,-38.37,10,4,(2 22),(2 22),(2 26),(0 0),(10 73),(0 0),(2 40),(0 10),(0 10),(1 11),(1 1),(8 10),(0 0),(5 9)
2025-04-08 13:21,(0 0),(0 0),31.95,-39.77,10,4,(2 22),(2 22),(2 26),(0 0),(10 73),(0 0),(2 40),(0 10),(0 10),(1 11),(1 1),(8 10),(0 0),(5 9)
2025-04-08 13:22,(0 0),(0 0),28.15,-43.57,10,4,(3 27),(3 27),(3 30),(0 0),(8 73),(0 0),(3 41),(1 10),(1 10),(1 11),(1 2),(5 9),(0 0),(4 7)
2025-04-08 13:23,(0 0),(0 0),31.40,-40.32,10,4,(3 27),(3 27),(3 30),(0 0),(8 73),(0 0),(3 41),(1 10),(1 10),(1 11),(1 2),(5 9),(0 0),(4 7)
2025-04-08 13:24,(0 0),(0 0),27.68,-44.04,10,4,(2 42),(2 42),(2 42),(0 0),(5 73),(0 0),(3 34),(1 10),(1 10),(2 12),(1 2),(5 9),(0 0),(4 7)
2025-04-08 13:25,(0 0),(0 0),22.26,-49.46,10,4,(2 42),(2 42),(2 42),(0 0),(5 73),(0 0),(3 34),(1 10),(1 10),(2 12),(1 2),(5 9),(0 0),(4 7)
2025-04-08 13:26,(0 0),(0 0),20.16,-51.56,10,4,(2 40),(2 40),(3 44),(0 0),(5 77),(0 0),(2 47),(1 8),(1 8),(2 10),(1 2),(5 9),(0 0),(3 7)
2025-04-08 13:27,(0 0),(0 0),23.56,-48.15,10,4,(2 40),(2 40),(3 44),(0 0),(5 77),(0 0),(2 47),(1 8),(1 8),(2 10),(1 2),(5 9),(0 0),(3 7)
2025-04-08 13:28,(0 0),(0 0),17.54,-54.18,10,4,(1 40),(1 40),(2 45),(0 0),(5 76),(0 0),(1 43),(1 10),(1 10),(1 11),(1 2),(6 9),(0 1),(3 7)
2025-04-08 13:29,(0 0),(0 0),16.64,-55.07,10,4,(1 40),(1 40),(2 45),(0 0),(5 76),(0 0),(1 43),(1 10),(1 10),(1 11),(1 2),(6 9),(0 1),(3 7)
2025-04-08 13:30,(0 0),(0 0),27.42,-44.30,10,4,(2 39),(2 39),(3 45),(0 0),(7 88),(0 0),(1 49),(2 20),(2 20),(3 21),(0 2),(6 15),(0 0),(3 17)
2025-04-08 13:31,(0 0),(0 0),20.55,-51.17,10,4,(2 39),(2 39),(3 45),(0 0),(7 88),(0 0),(1 49),(2 20),(2 20),(3 21),(0 2),(6 15),(0 0),(3 17)
2025-04-08 13:32,(0 0),(0 0),16.49,-55.23,10,4,(2 36),(2 36),(3 39),(0 0),(9 87),(0 0),(1 45),(3 20),(3 20),(3 20),(0 2),(8 14),(0 0),(3 18)
2025-04-08 13:33,(0 0),(0 0),16.91,-54.81,10,4,(2 36),(2 36),(3 39),(0 0),(9 87),(0 0),(1 45),(3 20),(3 20),(3 20),(0 2),(8 14),(0 0),(3 18)
2025-04-08 13:34,(0 0),(0 0),16.30,-55.42,10,4,(2 36),(2 36),(3 42),(0 0),(8 88),(0 0),(1 45),(3 19),(3 19),(3 20),(0 2),(7 14),(0 0),(3 17)
2025-04-08 13:35,(0 0),(0 0),25.38,-46.34,10,4,(2 36),(2 36),(3 42),(0 0),(8 88),(0 0),(1 45),(3 19),(3 19),(3 20),(0 2),(7 14),(0 0),(3 17)
2025-04-08 13:36,(0 0),(0 0),24.91,-46.81,10,4,(2 22),(2 22),(4 43),(0 0),(8 90),(0 0),(1 63),(3 20),(3 20),(3 22),(0 2),(7 14),(0 0),(3 16)
2025-04-08 13:37,(0 0),(0 0),27.46,-44.26,10,4,(2 22),(2 22),(4 43),(0 0),(8 90),(0 0),(1 63),(3 20),(3 20),(3 22),(0 2),(7 14),(0 0),(3 16)
2025-04-08 13:38,(0 0),(0 0),20.02,-51.70,10,4,(3 22),(3 22),(4 36),(0 0),(9 89),(0 0),(1 49),(3 17),(3 17),(3 20),(0 2),(6 13),(0 0),(3 15)
2025-04-08 13:39,(0 0),(0 0),20.07,-51.65,10,4,(3 22),(3 22),(4 36),(0 0),(9 89),(0 0),(1 49),(3 17),(3 17),(3 20),(0 2),(6 13),(0 0),(3 15)
2025-04-08 13:40,(0 0),(0 0),19.13,-52.58,10,4,(2 17),(2 17),(4 46),(0 0),(7 85),(0 0),(3 65),(4 20),(4 20),(4 21),(0 2),(6 14),(0 0),(2 15)
2025-04-08 13:41,(0 0),(0 0),21.10,-50.62,10,4,(2 17),(2 17),(4 46),(0 0),(7 85),(0 0),(3 65),(4 20),(4 20),(4 21),(0 2),(6 14),(0 0),(2 15)
2025-04-08 13:42,(0 0),(0 0),27.61,-44.11,10,4,(3 33),(3 33),(3 55),(0 0),(6 86),(0 0),(2 58),(4 22),(4 22),(4 22),(0 2),(8 14),(0 0),(2 18)
2025-04-08 13:43,(0 0),(0 0),24.17,-47.55,10,4,(3 33),(3 33),(3 55),(0 0),(6 86),(0 0),(2 58),(4 22),(4 22),(4 22),(0 2),(8 14),(0 0),(2 18)
2025-04-08 13:44,(0 0),(0 0),27.03,-44.69,10,4,(3 32),(3 32),(3 51),(0 0),(7 85),(0 0),(3 54),(4 21),(4 21),(4 22),(0 2),(8 13),(0 0),(2 18)
2025-04-08 13:45,(0 0),(0 0),23.08,-48.64,10,4,(3 32),(3 32),(3 51),(0 0),(7 85),(0 0),(3 54),(4 21),(4 21),(4 22),(0 2),(8 13),(0 0),(2 18)
2025-04-08 13:46,(0 0),(0 0),36.45,-35.27,10,4,(3 20),(3 20),(3 39),(0 0),(6 93),(0 0),(3 64),(3 13),(3 13),(3 23),(0 2),(6 13),(1 0),(5 20)
2025-04-08 13:47,(0 0),(0 0),32.13,-39.58,10,4,(3 20),(3 20),(3 39),(0 0),(6 93),(0 0),(3 64),(3 13),(3 13),(3 23),(0 2),(6 13),(1 0),(5 20)
2025-04-08 13:48,(0 0),(0 0),18.04,-53.68,10,4,(3 16),(3 16),(3 32),(0 0),(6 94),(0 0),(3 48),(3 13),(3 13),(3 24),(0 2),(7 14),(1 0),(3 20)
2025-04-08 13:49,(0 0),(0 0),21.15,-50.57,10,4,(3 16),(3 16),(3 32),(0 0),(6 94),(0 0),(3 48),(3 13),(3 13),(3 24),(0 2),(7 14),(1 0),(3 20)
2025-04-08 13:50,(0 0),(0 0),18.00,-53.72,10,4,(3 18),(3 18),(4 36),(0 0),(7 117),(1 0),(4 73),(4 12),(4 12),(5 23),(0 2),(7 13),(1 0),(3 22)
2025-04-08 13:51,(0 0),(0 0),13.40,-58.32,10,4,(3 18),(3 18),(4 36),(0 0),(7 117),(1 0),(4 73),(4 12),(4 12),(5 23),(0 2),(7 13),(1 0),(3 22)
2025-04-08 13:52,(0 0),(0 0),21.74,-49.98,10,4,(2 15),(2 15),(3 27),(0 0),(7 117),(1 0),(5 54),(2 14),(2 14),(2 26),(0 2),(7 14),(1 0),(3 20)
2025-04-08 13:53,(0 0),(0 0),26.65,-45.07,10,4,(2 15),(2 15),(3 27),(0 0),(7 117),(1 0),(5 54),(2 14),(2 14),(2 26),(0 2),(7 14),(1 0),(3 20)
2025-04-08 13:54,(0 0),(0 0),34.73,-36.99,10,4,(2 5),(2 5),(3 12),(0 0),(13 116),(1 0),(4 13),(3 12),(3 12),(3 22),(0 2),(9 14),(1 0),(4 18)
2025-04-08 13:55,(0 0),(0 0),34.48,-37.24,10,4,(2 5),(2 5),(3 12),(0 0),(13 116),(1 0),(4 13),(3 12),(3 12),(3 22),(0 2),(9 14),(1 0),(4 18)
2025-04-08 13:56,(0 0),(0 0),41.80,-29.92,10,4,(2 6),(2 6),(3 17),(0 0),(10 142),(0 0),(2 32),(1 13),(1 13),(1 23),(0 2),(11 15),(0 0),(4 21)
2025-04-08 13:57,(0 0),(0 0),45.34,-26.38,10,4,(2 6),(2 6),(3 17),(0 0),(10 142),(0 0),(2 32),(1 13),(1 13),(1 23),(0 2),(11 15),(0 0),(4 21)
2025-04-08 13:58,(0 0),(0 0),46.26,-25.46,10,4,(2 6),(2 6),(3 13),(0 0),(12 140),(0 0),(3 19),(1 12),(1 12),(1 21),(0 2),(12 15),(0 0),(4 20)
2025-04-08 13:59,(0 0),(0 0),53.28,-18.44,10,4,(2 6),(2 6),(3 13),(0 0),(12 140),(0 0),(3 19),(1 12),(1 12),(1 22),(0 2),(13 15),(0 0),(4 19)
2025-04-08 14:00,(0 0),(0 0),41.56,-30.15,10,4,(2 8),(2 8),(4 22),(0 0),(11 162),(0 2),(3 21),(2 9),(2 9),(2 24),(0 3),(11 16),(0 3),(5 21)
2025-04-08 14:01,(0 0),(0 0),68.96,-2.76,10,4,(2 8),(2 8),(4 22),(0 0),(11 162),(0 2),(3 21),(3 10),(3 10),(4 26),(0 3),(12 18),(0 3),(7 21)
2025-04-08 14:02,(0 0),(0 0),38.61,-33.11,10,4,(1 31),(1 31),(1 37),(0 0),(9 165),(0 3),(0 19),(2 25),(2 25),(2 29),(0 6),(7 17),(0 4),(4 19)
2025-04-08 14:03,(0 0),(0 0),65.64,-6.08,10,4,(1 31),(1 31),(1 37),(0 0),(9 165),(0 3),(0 19),(2 25),(2 25),(2 29),(0 6),(7 17),(0 4),(4 19)
2025-04-08 14:04,(0 0),(0 0),73.57,1.85,10,4,(1 49),(1 49),(1 53),(0 0),(8 162),(0 3),(0 22),(4 25),(4 25),(4 29),(0 5),(6 17),(0 5),(4 19)
2025-04-08 14:05,(0 0),(0 0),95.52,23.80,10,4,(1 49),(1 49),(1 53),(0 0),(8 162),(0 3),(0 22),(4 25),(4 25),(4 29),(0 5),(6 17),(0 5),(4 19)
2025-04-08 14:07,(0 0),(0 0),100.87,29.15,10,4,(1 46),(1 46),(3 53),(0 3),(12 168),(0 5),(0 60),(2 22),(2 22),(2 31),(0 5),(11 17),(0 5),(5 19)
2025-04-08 14:07,(0 0),(0 0),105.91,34.19,10,4,(1 46),(1 46),(3 53),(0 3),(12 168),(0 5),(0 60),(2 22),(2 22),(2 31),(0 5),(11 17),(0 5),(5 19)
2025-04-08 14:08,(0 0),(0 0),153.28,81.56,10,4,(1 84),(1 84),(3 89),(0 3),(10 172),(0 5),(1 61),(2 27),(2 27),(2 32),(0 5),(11 19),(0 5),(3 20)
2025-04-08 14:09,(0 0),(0 0),161.82,90.10,10,4,(1 84),(1 84),(3 89),(0 3),(10 172),(0 5),(1 61),(2 27),(2 27),(2 32),(0 5),(11 19),(0 5),(3 20)
2025-04-08 14:10,(0 0),(0 0),136.67,64.95,10,4,(2 72),(2 72),(4 82),(0 5),(9 198),(0 5),(0 161),(3 25),(3 25),(3 31),(0 6),(11 19),(0 5),(3 19)
2025-04-08 14:11,(0 0),(0 0),141.42,69.70,10,4,(2 72),(2 72),(4 82),(0 5),(9 198),(0 5),(0 161),(3 25),(3 25),(3 31),(0 6),(11 19),(0 5),(3 19)
2025-04-08 14:12,(0 0),(0 0),154.62,82.90,10,4,(1 110),(1 110),(2 118),(0 5),(6 198),(0 5),(0 153),(3 25),(3 25),(3 31),(0 6),(11 19),(0 5),(3 19)
2025-04-08 14:13,(0 0),(0 0),181.70,109.98,10,4,(1 110),(1 110),(2 118),(0 5),(6 198),(0 5),(0 153),(1 28),(1 28),(1 32),(0 7),(8 19),(0 5),(3 21)
2025-04-08 14:14,(0 0),(0 0),181.88,110.17,10,4,(0 116),(0 116),(1 124),(0 5),(5 198),(0 5),(0 151),(1 28),(1 28),(1 32),(0 7),(8 19),(0 5),(3 21)
2025-04-08 14:15,(0 0),(0 0),209.25,137.53,10,4,(0 116),(0 116),(1 124),(0 5),(5 198),(0 5),(0 151),(1 27),(1 27),(1 30),(0 7),(6 18),(0 5),(1 23)
2025-04-08 14:16,(0 0),(0 0),208.33,136.61,10,4,(0 123),(0 123),(1 131),(0 5),(6 209),(0 4),(0 160),(1 27),(1 27),(1 30),(0 7),(6 18),(0 5),(1 23)
2025-04-08 14:17,(0 0),(0 0),194.28,122.56,10,4,(0 123),(0 123),(1 131),(0 5),(6 209),(0 4),(0 160),(2 26),(2 26),(3 28),(0 8),(7 18),(0 5),(4 30)
2025-04-08 14:19,(0 0),(0 0),189.37,117.65,10,4,(0 127),(0 127),(0 135),(0 5),(5 210),(0 2),(0 149),(2 27),(2 27),(2 30),(0 8),(7 17),(0 4),(2 29)
2025-04-08 14:19,(0 0),(0 0),190.32,118.60,10,4,(0 127),(0 127),(0 135),(0 5),(5 210),(0 2),(0 149),(2 27),(2 27),(2 30),(0 8),(7 17),(0 4),(2 29)
2025-04-08 14:20,(0 0),(0 0),194.73,123.01,10,4,(0 54),(0 54),(0 103),(0 5),(9 232),(0 3),(1 170),(2 27),(2 27),(2 30),(0 8),(7 17),(0 4),(2 29)
2025-04-08 14:21,(0 0),(0 0),182.97,111.25,10,4,(0 54),(0 54),(0 103),(0 5),(9 232),(0 3),(1 170),(2 26),(2 26),(3 28),(0 8),(8 19),(0 4),(2 27)
2025-04-08 14:22,(0 0),(0 0),186.29,114.57,10,4,(0 67),(0 67),(0 112),(0 5),(8 234),(0 3),(1 162),(2 26),(2 26),(3 28),(0 8),(8 19),(0 4),(2 27)
2025-04-08 14:23,(0 0),(0 0),202.56,130.84,10,4,(0 67),(0 67),(0 112),(0 5),(8 234),(0 3),(1 162),(1 26),(1 26),(1 28),(0 8),(9 18),(0 5),(2 27)
2025-04-08 14:24,(0 0),(0 0),193.16,121.44,10,4,(1 70),(1 70),(2 106),(0 5),(8 231),(0 5),(1 165),(1 25),(1 25),(1 29),(0 8),(9 18),(0 5),(2 27)
2025-04-08 14:25,(0 0),(0 0),204.45,132.74,10,4,(1 70),(1 70),(2 106),(0 5),(8 231),(0 5),(1 165),(2 26),(2 26),(2 30),(0 8),(8 19),(0 5),(2 28)
2025-04-08 14:26,(0 0),(0 0),210.31,138.59,10,4,(1 43),(1 43),(1 75),(0 5),(7 254),(0 2),(3 148),(2 28),(2 28),(2 29),(0 8),(8 19),(0 5),(1 27)
2025-04-08 14:27,(0 0),(0 0),204.09,132.38,10,4,(1 43),(1 43),(1 75),(0 5),(7 254),(0 2),(3 148),(2 27),(2 27),(2 28),(0 8),(7 19),(0 5),(1 27)
2025-04-08 14:28,(0 0),(0 0),198.14,126.43,10,4,(1 65),(1 65),(1 109),(0 5),(6 256),(0 3),(3 158),(2 27),(2 27),(2 28),(0 8),(7 19),(0 5),(1 27)
2025-04-08 14:29,(0 0),(0 0),201.64,129.92,10,4,(1 65),(1 65),(1 109),(0 5),(6 256),(0 3),(3 158),(2 28),(2 28),(2 29),(0 8),(7 19),(0 5),(2 27)
2025-04-08 14:30,(0 0),(0 0),215.16,143.44,10,4,(1 18),(1 18),(1 55),(0 6),(8 245),(0 3),(4 138),(2 28),(2 28),(2 29),(0 8),(7 19),(0 5),(2 27)
2025-04-08 14:31,(0 0),(0 0),213.53,141.81,10,4,(1 18),(1 18),(1 55),(0 6),(8 245),(0 3),(4 138),(2 9),(2 9),(3 28),(0 8),(11 18),(0 6),(1 29)
2025-04-08 14:32,(0 0),(0 0),220.84,149.12,10,4,(1 18),(1 18),(2 40),(0 6),(10 239),(0 2),(3 98),(2 9),(2 9),(3 28),(0 8),(11 18),(0 6),(1 29)
2025-04-08 14:33,(0 0),(0 0),210.95,139.24,10,4,(1 18),(1 18),(2 40),(0 6),(10 239),(0 2),(3 98),(2 10),(2 10),(3 27),(0 7),(7 17),(0 5),(2 28)
2025-04-08 14:34,(0 0),(0 0),217.70,145.98,10,4,(1 67),(1 67),(1 94),(0 6),(8 249),(0 4),(3 140),(2 10),(2 10),(3 27),(0 7),(7 17),(0 5),(2 28)
2025-04-08 14:35,(0 0),(0 0),229.54,157.83,10,4,(1 67),(1 67),(1 94),(0 6),(8 249),(0 4),(3 140),(2 13),(2 13),(3 28),(0 7),(6 19),(0 5),(2 27)
2025-04-08 14:36,(0 0),(0 0),229.65,157.93,10,4,(0 64),(0 64),(1 83),(0 6),(9 263),(0 4),(3 143),(2 13),(2 13),(3 28),(0 7),(6 19),(0 5),(2 27)
2025-04-08 14:37,(0 0),(0 0),224.01,152.29,10,4,(0 64),(0 64),(1 83),(0 6),(9 263),(0 4),(3 143),(2 14),(2 14),(3 28),(0 7),(8 18),(0 5),(1 27)
2025-04-08 14:38,(0 0),(0 0),216.37,144.65,10,4,(0 67),(0 67),(1 84),(0 5),(9 263),(0 3),(3 137),(2 14),(2 14),(3 28),(0 7),(8 18),(0 5),(1 27)
2025-04-08 14:39,(0 0),(0 0),223.98,152.26,10,4,(0 67),(0 67),(1 84),(0 5),(9 263),(0 3),(3 137),(2 17),(2 17),(2 29),(0 7),(7 19),(0 5),(2 28)
2025-04-08 14:40,(0 0),(0 0),233.38,161.66,10,4,(1 36),(1 36),(1 66),(0 4),(9 250),(0 1),(2 168),(2 17),(2 17),(2 29),(0 7),(7 19),(0 5),(2 28)
2025-04-08 14:41,(0 0),(0 0),248.69,176.97,10,4,(1 36),(1 36),(1 66),(0 4),(9 250),(0 1),(2 168),(2 15),(2 15),(2 29),(0 8),(7 19),(0 3),(1 29)
2025-04-08 14:42,(0 0),(0 0),229.94,158.22,10,4,(1 24),(1 24),(1 44),(0 4),(11 246),(0 3),(3 96),(2 15),(2 15),(2 29),(0 8),(7 19),(0 3),(1 29)
2025-04-08 14:43,(0 0),(0 0),223.34,151.62,10,4,(1 24),(1 24),(1 44),(0 4),(11 246),(0 3),(3 96),(1 15),(1 15),(1 29),(0 7),(12 18),(0 5),(1 27)
2025-04-08 14:44,(0 0),(0 0),222.24,150.52,10,4,(1 17),(1 17),(1 28),(0 4),(10 242),(0 1),(3 48),(1 15),(1 15),(1 29),(0 7),(12 18),(0 5),(1 27)
2025-04-08 14:45,(0 0),(0 0),234.27,162.56,10,4,(1 17),(1 17),(1 28),(0 4),(10 242),(0 1),(3 48),(1 14),(1 14),(1 29),(0 7),(10 17),(0 4),(0 24)
2025-04-08 14:46,(0 0),(0 0),226.71,154.99,10,4,(1 14),(1 14),(1 32),(0 4),(7 262),(0 2),(3 53),(1 14),(1 14),(1 29),(0 7),(10 17),(0 4),(0 24)
2025-04-08 14:47,(0 0),(0 0),218.65,146.94,10,4,(1 14),(1 14),(1 32),(0 4),(7 262),(0 2),(3 53),(1 18),(1 18),(2 31),(0 7),(8 14),(0 3),(5 40)
2025-04-08 14:48,(0 0),(0 0),228.11,156.40,10,4,(1 41),(1 41),(1 58),(0 4),(6 269),(0 1),(1 54),(1 18),(1 18),(2 31),(0 7),(8 14),(0 3),(5 40)
2025-04-08 14:49,(0 0),(0 0),240.52,168.80,10,4,(1 41),(1 41),(1 58),(0 4),(6 269),(0 1),(1 54),(1 19),(1 19),(1 31),(0 7),(6 14),(0 3),(4 40)
2025-04-08 14:50,(0 0),(0 0),231.08,159.36,10,4,(0 46),(0 46),(1 64),(0 5),(7 296),(0 0),(3 62),(1 19),(1 19),(1 31),(0 7),(6 14),(0 3),(4 40)
2025-04-08 14:51,(0 0),(0 0),221.63,149.91,10,4,(0 46),(0 46),(1 64),(0 5),(7 296),(0 0),(3 62),(1 17),(1 17),(1 30),(0 7),(6 13),(0 3),(4 40)
2025-04-08 14:52,(0 0),(0 0),206.69,134.97,10,4,(0 52),(0 52),(1 67),(0 5),(7 297),(0 0),(1 55),(1 17),(1 17),(1 30),(0 7),(6 13),(0 3),(4 40)
2025-04-08 14:53,(0 0),(0 0),214.62,142.90,10,4,(0 52),(0 52),(1 67),(0 5),(7 297),(0 0),(1 55),(1 19),(1 19),(1 27),(0 7),(8 13),(0 2),(4 40)
2025-04-08 14:54,(0 0),(0 0),222.39,150.67,10,4,(0 70),(0 70),(1 85),(0 5),(8 299),(0 1),(1 58),(1 19),(1 19),(1 27),(0 7),(8 13),(0 2),(4 40)
2025-04-08 14:55,(0 0),(0 0),216.14,144.42,10,4,(0 70),(0 70),(1 85),(0 5),(8 299),(0 1),(1 58),(1 22),(1 22),(2 30),(0 7),(8 13),(0 3),(3 40)
2025-04-08 14:56,(0 0),(0 0),222.65,150.93,10,4,(0 69),(0 69),(1 81),(0 5),(7 305),(0 1),(1 189),(1 22),(1 22),(2 30),(0 7),(8 13),(0 3),(3 40)
2025-04-08 14:57,(0 0),(0 0),210.79,139.07,10,4,(0 69),(0 69),(1 81),(0 5),(7 305),(0 1),(1 189),(1 20),(1 20),(1 30),(0 7),(9 14),(0 4),(4 40)
2025-04-08 14:58,(0 0),(0 0),232.87,161.15,10,4,(0 73),(0 73),(0 83),(0 4),(7 307),(0 0),(0 192),(1 20),(1 20),(1 30),(0 7),(9 14),(0 4),(4 40)
2025-04-08 14:59,(0 0),(0 0),219.49,147.77,10,4,(0 73),(0 73),(0 83),(0 4),(7 307),(0 0),(0 192),(2 20),(2 20),(2 30),(0 7),(8 14),(0 4),(2 40)
2025-04-08 15:00,(0 0),(0 0),217.72,146.01,10,4,(0 94),(0 94),(1 101),(0 5),(7 322),(0 0),(2 194),(2 20),(2 20),(2 30),(0 7),(8 14),(0 4),(2 40)
2025-04-08 15:01,(0 0),(0 0),225.26,153.54,10,4,(0 94),(0 94),(1 101),(0 5),(7 322),(0 0),(2 194),(1 75),(1 75),(3 84),(0 11),(8 41),(0 2),(5 100)
2025-04-08 15:02,(0 0),(0 0),237.13,165.41,10,4,(0 50),(0 50),(0 56),(0 4),(7 312),(0 0),(1 126),(1 75),(1 75),(3 84),(0 11),(8 41),(0 2),(5 100)
2025-04-08 15:03,(0 0),(0 0),270.88,199.16,9,4,(0 50),(0 50),(0 56),(0 4),(7 312),(0 0),(1 126),(1 64),(1 64),(3 73),(0 11),(7 40),(0 2),(3 99)
2025-04-08 15:04,(0 0),(0 0),275.48,203.76,9,4,(0 70),(0 70),(0 77),(0 3),(7 314),(0 1),(1 149),(1 64),(1 64),(3 73),(0 11),(7 40),(0 2),(3 99)
2025-04-08 15:05,(0 0),(0 0),267.49,160.10,9,4,(0 70),(0 70),(0 77),(0 3),(7 314),(0 1),(1 149),(0 78),(0 78),(0 89),(0 12),(5 43),(0 2),(3 99)
2025-04-08 15:06,(0 0),(0 0),267.78,160.38,9,4,(0 111),(0 111),(1 119),(0 5),(6 329),(0 0),(1 192),(0 78),(0 78),(0 89),(0 12),(5 43),(0 2),(3 99)
2025-04-08 15:07,(0 0),(0 0),264.74,157.34,9,4,(0 111),(0 111),(1 119),(0 5),(6 329),(0 0),(1 192),(1 89),(1 89),(1 99),(0 12),(4 42),(0 2),(5 98)
2025-04-08 15:08,(0 0),(0 0),280.84,173.45,9,4,(0 141),(0 141),(1 147),(0 5),(5 334),(0 0),(1 182),(1 89),(1 89),(1 99),(0 12),(4 42),(0 2),(5 98)
2025-04-08 15:09,(0 0),(0 0),295.51,188.12,9,4,(0 141),(0 141),(1 147),(0 5),(5 334),(0 0),(1 182),(1 93),(1 93),(1 101),(0 11),(5 42),(0 2),(3 98)
2025-04-08 15:10,(0 0),(0 0),297.45,190.06,9,4,(1 94),(1 94),(1 112),(0 5),(6 334),(0 0),(1 201),(1 93),(1 93),(1 101),(0 11),(5 42),(0 2),(3 98)
2025-04-08 15:11,(0 0),(0 0),283.24,175.84,9,5,(1 94),(1 94),(1 112),(0 5),(6 334),(0 0),(1 201),(0 89),(0 89),(0 94),(0 11),(5 44),(0 3),(3 100)
2025-04-08 15:12,(0 0),(0 0),304.01,196.61,9,5,(1 62),(1 62),(1 72),(0 5),(7 320),(0 0),(1 130),(0 89),(0 89),(0 94),(0 11),(5 44),(0 3),(3 100)
2025-04-08 15:13,(0 0),(0 0),305.17,197.77,9,5,(1 62),(1 62),(1 72),(0 5),(7 320),(0 0),(1 130),(1 83),(1 83),(2 90),(0 11),(5 42),(0 3),(2 98)
2025-04-08 15:15,(0 0),(0 0),323.08,215.68,9,5,(2 63),(2 63),(2 77),(0 5),(6 323),(0 2),(1 127),(1 62),(1 62),(4 93),(0 11),(6 68),(0 2),(5 106)
2025-04-08 15:16,(0 0),(0 0),314.69,207.29,9,5,(3 30),(3 30),(3 56),(0 5),(8 319),(0 0),(2 108),(1 62),(1 62),(4 93),(0 11),(6 68),(0 2),(5 106)
2025-04-08 15:16,(0 0),(0 0),314.69,207.29,9,5,(3 23),(3 23),(3 52),(0 5),(8 320),(0 0),(2 102),(1 62),(1 62),(4 93),(0 11),(6 68),(0 2),(5 106)
2025-04-08 15:17,(0 0),(0 0),319.40,212.01,9,5,(3 23),(3 23),(3 52),(0 5),(8 320),(0 0),(2 102),(1 71),(1 71),(4 99),(0 11),(6 73),(0 3),(6 107)
2025-04-08 15:18,(0 0),(0 0),311.64,204.25,9,5,(1 58),(1 58),(1 80),(0 4),(6 337),(0 2),(1 106),(1 71),(1 71),(4 99),(0 11),(6 73),(0 3),(6 107)
2025-04-08 15:19,(0 0),(0 0),328.34,220.94,9,5,(1 58),(1 58),(1 80),(0 4),(6 337),(0 2),(1 106),(1 100),(1 100),(2 117),(0 11),(4 76),(0 3),(2 94)
2025-04-08 15:20,(0 0),(0 0),323.50,216.10,9,5,(1 74),(1 74),(1 86),(0 4),(5 337),(0 0),(1 72),(1 100),(1 100),(2 117),(0 11),(4 76),(0 3),(2 94)
2025-04-08 15:21,(0 0),(0 0),335.18,227.79,9,5,(0 74),(0 74),(0 85),(0 4),(4 337),(0 0),(0 69),(1 76),(1 76),(3 100),(0 10),(5 73),(0 3),(4 105)
2025-04-08 15:22,(0 0),(0 0),339.28,231.88,9,5,(0 36),(0 36),(0 42),(0 3),(7 299),(0 0),(0 37),(1 76),(1 76),(3 100),(0 10),(5 73),(0 3),(4 105)
2025-04-08 15:23,(0 0),(0 0),334.14,226.75,9,5,(1 15),(1 15),(2 16),(0 3),(9 265),(0 0),(0 13),(1 60),(1 60),(3 83),(0 10),(9 67),(0 1),(4 94)
2025-04-08 15:24,(0 0),(0 0),334.20,226.80,9,5,(1 25),(1 25),(2 26),(0 3),(8 286),(0 0),(0 21),(1 60),(1 60),(3 83),(0 10),(9 67),(0 1),(4 94)
2025-04-08 15:25,(0 0),(0 0),334.49,227.09,9,5,(1 32),(1 32),(1 34),(0 3),(7 310),(0 0),(0 30),(2 64),(2 64),(4 90),(0 11),(7 68),(0 3),(3 100)
2025-04-08 15:26,(0 0),(0 0),344.57,237.18,9,5,(1 21),(1 21),(1 28),(0 3),(7 308),(0 0),(0 29),(2 64),(2 64),(4 90),(0 11),(7 68),(0 3),(3 100)
2025-04-08 15:27,(0 0),(0 0),360.45,253.06,9,5,(1 9),(1 9),(1 26),(0 3),(8 305),(0 0),(0 38),(1 69),(1 69),(3 93),(0 12),(7 68),(0 3),(3 99)
2025-04-08 15:28,(0 0),(0 0),332.54,236.32,9,4,(1 11),(1 11),(1 25),(0 3),(7 309),(0 0),(0 36),(1 69),(1 69),(3 93),(0 12),(7 68),(0 3),(3 99)
2025-04-08 15:29,(0 0),(0 0),330.81,234.60,9,4,(1 10),(1 10),(1 26),(0 3),(7 317),(0 0),(0 36),(1 80),(1 80),(3 101),(0 11),(5 67),(0 2),(2 98)
2025-04-08 15:30,(0 0),(0 0),345.60,249.38,9,5,(1 8),(1 8),(1 28),(0 3),(7 315),(0 0),(0 37),(1 80),(1 80),(3 101),(0 11),(5 67),(0 2),(2 98)
2025-04-08 15:31,(0 0),(0 0),350.00,253.78,9,5,(2 10),(2 10),(2 27),(0 3),(7 312),(0 0),(2 37),(1 60),(1 60),(2 94),(0 14),(8 50),(0 1),(3 104)
2025-04-08 15:32,(0 0),(0 0),349.50,253.28,9,5,(2 15),(2 15),(2 29),(0 3),(7 314),(0 1),(2 34),(1 60),(1 60),(2 94),(0 14),(8 50),(0 1),(3 104)
2025-04-08 15:33,(0 0),(0 0),348.83,252.61,9,5,(1 18),(1 18),(1 29),(0 3),(6 315),(0 1),(3 31),(2 62),(2 62),(3 91),(0 13),(9 50),(0 1),(1 100)
2025-04-08 15:34,(0 0),(0 0),354.66,258.44,9,5,(1 16),(1 16),(1 26),(0 3),(6 308),(0 2),(3 30),(2 62),(2 62),(3 91),(0 13),(9 50),(0 1),(1 100)
2025-04-08 15:35,(0 0),(0 0),350.36,254.14,9,5,(2 11),(2 11),(2 19),(0 3),(6 302),(0 2),(3 25),(0 82),(0 82),(2 103),(0 13),(9 52),(0 3),(4 100)
2025-04-08 15:36,(0 0),(0 0),302.83,206.61,9,5,(2 13),(2 13),(2 21),(0 2),(6 304),(0 1),(3 31),(0 82),(0 82),(2 103),(0 13),(9 52),(0 3),(4 100)
2025-04-08 15:38,(0 0),(0 0),319.54,223.33,9,5,(2 22),(2 22),(2 26),(0 2),(5 312),(0 1),(3 30),(1 70),(1 70),(3 96),(0 13),(8 53),(0 2),(3 99)
2025-04-08 15:38,(0 0),(0 0),319.43,223.21,9,5,(2 22),(2 22),(2 26),(0 2),(5 312),(0 1),(3 30),(1 70),(1 70),(3 96),(0 13),(8 53),(0 2),(3 99)
2025-04-08 15:39,(0 0),(0 0),315.14,218.92,9,5,(2 25),(2 25),(2 33),(0 2),(6 324),(0 1),(3 36),(1 68),(1 68),(2 95),(0 14),(8 53),(0 2),(3 96)
2025-04-08 15:40,(0 0),(0 0),342.81,246.59,8,5,(2 25),(2 25),(2 34),(0 3),(6 322),(0 2),(3 46),(1 68),(1 68),(2 95),(0 14),(8 53),(0 2),(3 96)
2025-04-08 15:41,(0 0),(0 0),354.08,257.86,8,5,(2 18),(2 18),(2 27),(0 3),(5 319),(0 2),(3 73),(3 57),(3 57),(3 87),(0 14),(9 53),(0 2),(1 98)
2025-04-08 15:42,(0 0),(0 0),352.68,220.38,8,5,(2 12),(2 12),(2 16),(0 3),(5 286),(0 2),(3 32),(3 56),(3 56),(3 86),(0 14),(9 52),(0 2),(1 97)
2025-04-08 15:43,(0 0),(0 0),355.49,223.19,8,5,(2 12),(2 12),(2 16),(0 3),(5 286),(0 2),(3 32),(3 65),(3 65),(3 92),(0 13),(9 53),(0 2),(2 96)
2025-04-08 15:44,(0 0),(0 0),361.25,228.95,9,5,(2 15),(2 15),(2 20),(0 3),(5 291),(0 2),(3 37),(3 65),(3 65),(3 92),(0 13),(9 53),(0 2),(2 96)
2025-04-08 15:45,(0 0),(0 0),354.86,222.56,9,5,(2 21),(2 21),(2 28),(0 3),(5 302),(0 2),(2 51),(2 47),(2 47),(3 89),(0 13),(7 52),(0 2),(6 135)
2025-04-08 15:46,(0 0),(0 0),331.51,199.21,9,5,(2 13),(2 13),(2 19),(0 3),(5 282),(0 0),(2 39),(2 47),(2 47),(3 89),(0 13),(7 52),(0 2),(6 135)
2025-04-08 15:47,(0 0),(0 0),344.16,211.86,9,5,(1 5),(1 5),(1 10),(0 3),(6 252),(0 0),(2 16),(3 40),(3 40),(5 77),(0 11),(6 41),(0 2),(5 89)
2025-04-08 15:48,(0 0),(0 0),349.22,216.92,9,5,(1 6),(1 6),(1 13),(0 3),(6 257),(0 0),(2 20),(3 40),(3 40),(5 77),(0 11),(6 41),(0 2),(5 89)
2025-04-08 15:49,(0 0),(0 0),350.84,218.54,9,5,(1 10),(1 10),(1 15),(0 3),(5 279),(0 0),(2 31),(1 79),(1 79),(1 104),(0 13),(6 58),(0 2),(4 138)
2025-04-08 15:50,(0 0),(0 0),349.18,216.88,9,5,(1 24),(1 24),(1 26),(0 3),(5 298),(0 0),(2 39),(1 79),(1 79),(1 104),(0 13),(6 58),(0 2),(4 138)
2025-04-08 15:51,(0 0),(0 0),350.31,218.01,9,5,(0 41),(0 41),(0 44),(0 4),(4 344),(0 0),(0 58),(1 60),(1 60),(2 93),(0 12),(5 53),(0 2),(4 138)
2025-04-08 15:52,(0 0),(0 0),359.53,227.23,9,5,(0 33),(0 33),(0 36),(0 4),(4 331),(0 0),(0 49),(1 60),(1 60),(2 93),(0 12),(5 53),(0 2),(4 138)
2025-04-08 15:53,(0 0),(0 0),352.42,220.13,9,5,(0 15),(0 15),(0 17),(0 3),(5 299),(0 0),(0 24),(1 60),(1 60),(2 93),(0 12),(5 53),(0 2),(4 138)
2025-04-08 15:54,(0 0),(0 0),376.07,243.77,9,5,(0 10),(0 10),(0 13),(0 3),(5 290),(0 0),(0 21),(1 53),(1 53),(3 85),(0 11),(6 47),(0 2),(5 126)
2025-04-08 15:55,(0 0),(0 0),383.21,250.91,9,5,(0 7),(0 7),(0 10),(0 4),(5 281),(0 0),(0 15),(1 53),(1 53),(3 85),(0 11),(6 47),(0 2),(5 126)
2025-04-08 15:56,(0 0),(0 0),390.37,258.07,9,5,(0 5),(0 5),(0 8),(0 4),(6 260),(0 0),(0 15),(0 54),(0 54),(1 87),(0 12),(6 48),(0 2),(5 121)
2025-04-08 15:57,(0 0),(0 0),377.80,245.50,9,5,(0 1),(0 1),(0 4),(0 4),(7 193),(0 0),(0 8),(0 54),(0 54),(1 87),(0 12),(6 48),(0 2),(5 121)
2025-04-08 15:58,(0 0),(0 0),378.64,246.34,9,5,(0 0),(0 0),(0 3),(0 4),(7 184),(0 0),(0 6),(2 42),(2 42),(4 73),(0 10),(6 42),(0 2),(4 86)
2025-04-08 15:59,(0 0),(0 0),374.90,242.61,9,5,(0 0),(0 0),(0 4),(0 2),(5 160),(0 0),(0 4),(2 42),(2 42),(4 74),(0 10),(6 43),(0 2),(4 86)
2025-04-08 16:00,(0 0),(0 0),377.16,244.86,9,5,(0 1),(0 1),(0 5),(0 2),(5 160),(0 0),(0 7),(2 40),(2 40),(4 71),(0 10),(6 40),(0 2),(5 79)
2025-04-08 16:01,(0 0),(0 0),367.58,235.29,9,5,(0 4),(0 4),(0 6),(0 4),(5 167),(0 0),(1 11),(2 40),(2 40),(4 71),(0 10),(6 40),(0 2),(5 79)
2025-04-08 16:02,(0 0),(0 0),363.47,231.17,9,5,(0 5),(0 5),(0 8),(0 4),(5 183),(0 0),(1 12),(1 17),(1 17),(1 78),(0 9),(6 54),(0 2),(3 86)
2025-04-08 16:03,(0 0),(0 0),379.43,247.13,9,5,(0 6),(0 6),(0 7),(0 4),(5 215),(0 0),(1 13),(1 17),(1 17),(1 78),(0 9),(6 54),(0 2),(3 86)
2025-04-08 16:04,(0 0),(0 0),388.94,256.64,9,5,(0 5),(0 5),(0 5),(0 4),(5 197),(0 0),(1 10),(3 18),(3 18),(4 73),(0 8),(9 55),(0 2),(3 78)
2025-04-08 16:05,(0 0),(0 0),374.00,241.70,9,5,(0 4),(0 4),(0 4),(0 3),(6 173),(0 0),(1 8),(3 18),(3 18),(4 73),(0 8),(9 55),(0 2),(3 78)
2025-04-08 16:06,(0 0),(0 0),383.84,251.54,9,5,(0 4),(0 4),(0 4),(0 2),(6 219),(0 0),(0 10),(2 43),(2 43),(2 93),(0 8),(8 67),(0 2),(1 85)
2025-04-08 16:07,(0 0),(0 0),381.66,249.36,9,5,(2 5),(2 5),(2 5),(0 2),(6 291),(0 0),(0 11),(2 43),(2 43),(2 93),(0 8),(8 67),(0 2),(1 85)
2025-04-08 16:08,(0 0),(0 0),389.61,257.31,9,5,(2 6),(2 6),(2 6),(0 2),(6 294),(0 0),(0 10),(2 47),(2 47),(2 95),(0 9),(7 72),(0 2),(1 84)
2025-04-08 16:09,(0 0),(0 0),401.58,269.28,9,5,(1 6),(1 6),(1 6),(0 2),(6 289),(0 0),(0 12),(2 47),(2 47),(2 95),(0 9),(7 72),(0 2),(1 84)
2025-04-08 16:10,(0 0),(0 0),367.41,235.11,8,5,(1 14),(1 14),(1 15),(0 2),(5 297),(0 0),(0 22),(0 69),(0 69),(1 100),(0 10),(6 74),(0 3),(1 83)
2025-04-08 16:11,(0 0),(0 0),370.00,251.10,8,5,(0 21),(0 21),(0 22),(0 2),(4 319),(0 0),(1 31),(0 69),(0 69),(1 100),(0 10),(6 74),(0 3),(1 83)
2025-04-08 16:12,(0 0),(0 0),376.64,257.74,8,5,(0 28),(0 28),(0 30),(0 1),(4 326),(0 0),(1 29),(0 67),(0 67),(2 106),(0 10),(6 71),(0 3),(1 83)
2025-04-08 16:13,(0 0),(0 0),377.40,258.50,8,5,(0 34),(0 34),(0 37),(0 1),(3 329),(0 0),(0 27),(0 67),(0 67),(2 106),(0 10),(6 71),(0 3),(1 83)
2025-04-08 16:14,(0 0),(0 0),413.50,294.60,7,7,(0 36),(0 36),(0 38),(0 1),(3 329),(0 0),(0 28),(0 101),(0 101),(1 125),(0 9),(5 76),(0 3),(1 83)
2025-04-08 16:15,(0 0),(0 0),417.27,298.37,7,7,(0 41),(0 41),(1 42),(0 1),(3 334),(0 0),(0 28),(0 101),(0 101),(1 125),(0 9),(5 76),(0 3),(1 83)
2025-04-08 16:16,(0 0),(0 0),417.11,298.21,7,7,(0 42),(0 42),(1 43),(0 2),(4 331),(0 0),(1 50),(0 94),(0 94),(1 121),(0 10),(4 68),(0 1),(2 88)
2025-04-08 16:17,(0 0),(0 0),422.22,303.32,7,7,(0 34),(0 34),(0 37),(0 2),(5 324),(0 0),(1 77),(0 94),(0 94),(1 121),(0 10),(4 68),(0 1),(2 88)
2025-04-08 16:18,(0 0),(0 0),430.41,311.51,7,7,(0 36),(0 36),(0 39),(0 2),(5 325),(0 0),(1 71),(0 91),(0 91),(0 116),(0 8),(6 72),(0 2),(1 86)
2025-04-08 16:19,(0 0),(0 0),418.22,299.32,7,7,(0 46),(0 46),(1 47),(0 2),(4 325),(0 0),(2 79),(0 91),(0 91),(0 116),(0 8),(6 72),(0 2),(1 86)
2025-04-08 16:20,(0 0),(0 0),403.99,285.09,7,7,(0 40),(0 40),(1 44),(0 2),(4 324),(0 0),(2 72),(0 113),(0 113),(1 131),(0 11),(2 76),(0 2),(1 90)
2025-04-08 16:21,(0 0),(0 0),401.32,282.43,7,7,(0 37),(0 37),(0 43),(0 2),(5 328),(0 0),(1 70),(0 113),(0 113),(1 131),(0 11),(2 76),(0 2),(1 90)
2025-04-08 16:22,(0 0),(0 0),389.14,270.25,7,7,(0 41),(0 41),(0 47),(0 2),(4 328),(0 0),(1 76),(0 96),(0 96),(1 115),(0 11),(5 74),(0 2),(2 84)
2025-04-08 16:23,(0 0),(0 0),389.91,271.02,7,7,(0 45),(0 45),(0 53),(0 2),(4 328),(0 0),(1 78),(0 96),(0 96),(1 115),(0 11),(5 74),(0 2),(2 84)
2025-04-08 16:24,(0 0),(0 0),378.50,259.60,7,7,(0 61),(0 61),(0 66),(0 2),(3 332),(0 0),(0 79),(0 125),(0 125),(0 134),(0 11),(3 77),(0 2),(0 85)
2025-04-08 16:25,(0 0),(0 0),384.26,265.36,7,7,(0 83),(0 83),(0 89),(0 2),(2 344),(0 0),(0 78),(0 125),(0 125),(0 134),(0 11),(3 77),(0 2),(0 85)
2025-04-08 16:26,(0 0),(0 0),386.52,267.62,7,7,(0 73),(0 73),(0 81),(0 2),(3 344),(0 1),(0 87),(0 122),(0 122),(0 134),(0 11),(1 77),(0 2),(2 87)
2025-04-08 16:27,(0 0),(0 0),382.71,263.82,7,7,(0 57),(0 57),(0 68),(0 2),(3 338),(0 1),(0 93),(0 122),(0 122),(0 134),(0 11),(1 77),(0 2),(2 87)
2025-04-08 16:28,(0 0),(0 0),385.09,266.19,7,7,(0 48),(0 48),(0 60),(0 2),(4 331),(0 0),(0 81),(0 124),(0 124),(0 135),(0 11),(2 81),(0 2),(2 88)
2025-04-08 16:29,(0 0),(0 0),395.55,276.65,7,7,(0 39),(0 39),(0 46),(0 2),(5 322),(0 0),(0 62),(0 124),(0 124),(0 135),(0 11),(2 81),(0 2),(2 88)
2025-04-08 16:30,(0 0),(0 0),441.69,322.80,6,7,(0 28),(0 28),(0 39),(0 1),(4 319),(0 0),(0 53),(1 71),(1 71),(1 120),(0 12),(3 84),(0 2),(1 162)
2025-04-08 16:31,(0 0),(0 0),447.37,328.48,6,7,(0 14),(0 14),(0 26),(0 2),(5 305),(0 0),(0 41),(1 71),(1 71),(1 120),(0 12),(3 84),(0 2),(1 162)
2025-04-08 16:32,(0 0),(0 0),456.28,301.52,6,7,(0 13),(0 13),(0 22),(0 3),(6 299),(0 0),(0 39),(1 63),(1 63),(1 103),(0 12),(5 80),(0 1),(2 145)
2025-04-08 16:33,(0 0),(0 0),448.90,294.15,6,7,(0 13),(0 13),(0 24),(0 3),(6 295),(0 0),(0 43),(1 63),(1 63),(1 103),(0 12),(5 80),(0 1),(2 145)
2025-04-08 16:34,(0 0),(0 0),448.43,293.68,6,7,(0 13),(0 13),(0 25),(0 3),(6 290),(0 0),(0 43),(1 54),(1 54),(1 88),(0 13),(6 76),(0 1),(2 110)
2025-04-08 16:35,(0 0),(0 0),447.96,293.21,6,7,(0 11),(0 11),(0 23),(0 3),(5 282),(0 0),(0 36),(1 54),(1 54),(1 88),(0 13),(6 76),(0 1),(2 110)
2025-04-08 16:36,(0 0),(0 0),450.89,296.14,6,8,(0 12),(0 12),(0 22),(0 4),(5 296),(0 0),(1 44),(1 72),(1 72),(1 106),(0 13),(5 84),(0 1),(2 152)
2025-04-08 16:37,(0 0),(0 0),447.04,292.29,6,8,(0 17),(0 17),(0 26),(0 4),(7 321),(0 0),(2 56),(1 72),(1 72),(1 106),(0 13),(5 84),(0 1),(2 152)
2025-04-08 16:38,(0 0),(0 0),437.09,282.34,6,8,(0 14),(0 14),(0 23),(0 3),(7 304),(0 0),(2 44),(0 72),(0 72),(0 113),(0 14),(7 84),(0 1),(2 150)
2025-04-08 16:40,(0 0),(0 0),423.57,268.82,6,8,(0 5),(0 5),(0 12),(0 3),(5 271),(0 0),(2 35),(1 65),(1 65),(1 104),(0 13),(7 75),(0 1),(2 126)
2025-04-08 16:40,(0 0),(0 0),422.23,267.48,6,8,(0 5),(0 5),(0 12),(0 3),(5 271),(0 0),(2 35),(1 65),(1 65),(1 104),(0 13),(7 75),(0 1),(2 126)
2025-04-08 16:41,(0 0),(0 0),396.41,241.66,6,8,(0 4),(0 4),(0 7),(0 3),(5 258),(0 0),(3 29),(1 65),(1 65),(1 104),(0 13),(7 75),(0 1),(2 126)
2025-04-08 16:42,(0 0),(0 0),404.80,250.04,6,8,(0 3),(0 3),(0 6),(0 3),(6 242),(0 0),(3 23),(1 56),(1 56),(1 91),(0 11),(8 75),(0 1),(2 108)
2025-04-08 16:43,(0 0),(0 0),380.22,225.47,6,8,(1 3),(1 3),(1 5),(0 3),(6 217),(0 0),(2 15),(1 56),(1 56),(1 91),(0 11),(8 75),(0 1),(2 108)
2025-04-08 16:44,(0 0),(0 0),393.80,239.05,6,8,(1 2),(1 2),(1 5),(0 3),(7 196),(0 0),(2 15),(1 44),(1 44),(1 69),(0 10),(10 56),(0 1),(2 59)
2025-04-08 16:45,(0 0),(0 0),388.09,233.34,6,8,(1 2),(1 2),(1 5),(0 2),(7 158),(0 1),(3 12),(1 44),(1 44),(1 69),(0 10),(10 56),(0 1),(2 59)
2025-04-08 16:46,(0 0),(0 0),389.07,234.31,6,8,(1 1),(1 1),(1 2),(0 2),(6 175),(0 1),(3 11),(3 10),(3 10),(3 69),(0 10),(8 101),(0 0),(2 55)
2025-04-08 16:47,(0 0),(0 0),377.47,222.72,6,8,(2 1),(2 1),(2 2),(0 2),(7 206),(0 1),(2 10),(3 10),(3 10),(3 69),(0 10),(8 101),(0 0),(2 55)
2025-04-08 16:48,(0 0),(0 0),378.83,224.08,6,8,(2 2),(2 2),(2 3),(0 2),(7 209),(0 1),(2 9),(2 11),(2 11),(2 72),(0 9),(6 109),(0 0),(3 51)
2025-04-08 16:49,(0 0),(0 0),368.94,214.18,6,8,(1 3),(1 3),(1 3),(0 2),(8 205),(0 1),(2 8),(2 11),(2 11),(2 72),(0 9),(6 109),(0 0),(3 51)
2025-04-08 16:50,(0 0),(0 0),378.79,224.04,6,8,(1 3),(1 3),(1 3),(0 2),(8 207),(0 1),(3 7),(3 13),(3 13),(3 72),(0 9),(6 107),(0 1),(2 51)
2025-04-08 16:51,(0 0),(0 0),374.18,219.43,6,8,(1 3),(1 3),(1 5),(0 2),(8 205),(0 1),(2 9),(3 13),(3 13),(3 72),(0 9),(6 107),(0 1),(2 51)
2025-04-08 16:52,(0 0),(0 0),374.33,219.58,6,8,(1 3),(1 3),(1 5),(0 2),(7 210),(0 1),(2 9),(2 10),(2 10),(2 68),(0 10),(6 103),(0 1),(3 54)
2025-04-08 16:53,(0 0),(0 0),376.38,221.63,6,8,(1 3),(1 3),(1 5),(0 2),(7 222),(0 1),(3 8),(2 10),(2 10),(2 68),(0 10),(6 103),(0 1),(3 54)
2025-04-08 16:54,(0 0),(0 0),376.53,221.77,6,8,(1 3),(1 3),(1 5),(0 2),(7 224),(0 1),(3 6),(3 20),(3 20),(3 84),(0 10),(6 115),(0 1),(2 51)
2025-04-08 16:55,(0 0),(0 0),369.22,214.47,6,8,(1 4),(1 4),(1 6),(0 2),(7 208),(0 0),(3 5),(3 20),(3 20),(3 84),(0 10),(6 115),(0 1),(2 51)
2025-04-08 16:56,(0 0),(0 0),368.32,213.57,6,8,(1 3),(1 3),(1 6),(0 2),(8 175),(0 0),(3 4),(3 8),(3 8),(3 64),(0 9),(6 91),(0 1),(2 48)
2025-04-08 16:57,(0 0),(0 0),367.82,213.07,6,8,(0 3),(0 3),(1 6),(0 2),(7 156),(0 0),(3 9),(3 8),(3 8),(3 64),(0 9),(6 91),(0 1),(2 48)
2025-04-08 16:58,(0 0),(0 0),368.34,213.58,6,8,(0 1),(0 1),(1 4),(0 2),(7 155),(0 0),(2 10),(3 9),(3 9),(3 58),(0 10),(6 90),(0 1),(3 47)
2025-04-08 16:59,(0 0),(0 0),370.56,215.81,6,8,(1 1),(1 1),(1 4),(0 2),(7 156),(0 0),(1 9),(3 9),(3 9),(3 58),(0 10),(6 90),(0 1),(3 47)
2025-04-08 17:00,(0 0),(0 0),367.24,212.49,6,8,(1 1),(1 1),(1 4),(0 2),(7 157),(0 0),(1 10),(2 8),(2 8),(3 55),(0 8),(7 93),(0 0),(9 48)
